,E_sx_full,E_dx_full,E_sx_84GHz,E_dx_84GHz,E_sx_113GHz,E_dx_113GHz,E_sx_84GHz,E_dx_113GHz,E_sx_113GHz,E_dx_84GHz
0.,354981620469149.56,354974076067562.9,2103465748568.4194,2103115604122.3975,2565837177703.789,2565245290062.953,2103465748568.4194,2565245290062.953,2565837177703.789,2103115604122.3975
0.5,281222047876286.2,453110885386065.25,1399926460040.9468,3215799923654.032,1736423553568.8062,4020720739590.751,1399926460040.9468,4020720739590.751,1736423553568.8062,3215799923654.032
1.,226558361897954.56,587064266810252.4,942428024837.1781,4956129654178.402,1264722169903.5632,6529824242265.783,942428024837.1781,6529824242265.783,1264722169903.5632,4956129654178.402
1.5,183916328940785.25,763800765506953.9,637257379293.7449,7631198088801.229,1004579087367.1516,10810219752241.852,637257379293.7449,10810219752241.852,1004579087367.1516,7631198088801.229
2.,152261736196693.56,1001009650223799.5,434378555012.04755,11702207035591.387,882838669396.2422,18038671566513.785,434378555012.04755,18038671566513.785,882838669396.2422,11702207035591.387
2.5,123339992374085.16,1289949584940367.5,293151604808.15234,17455342263904.688,841220423882.1841,29547530608008.57,293151604808.15234,29547530608008.57,841220423882.1841,17455342263904.688
