,E_sx_full,E_dx_full,E_sx_84GHz,E_dx_84GHz,E_sx_113GHz,E_dx_113GHz,E_sx_84GHz,E_dx_113GHz,E_sx_113GHz,E_dx_84GHz
0.,323695442234204.25,323687892465743.75,2458855300013.122,2458459019543.391,2564272702110.369,2563640035317.839,2458855300013.122,2563640035317.839,2564272702110.369,2458459019543.391
0.5,252344895483565.62,421635698293433.25,1683504066667.9194,3667928336876.6914,1698290269895.7031,4078596863693.589,1683504066667.9194,4078596863693.589,1698290269895.7031,3667928336876.6914
1.,198705867415946.56,553973924032433.56,1170669268395.3218,5534203648660.619,1199091732178.588,6669243386918.4375,1170669268395.3218,6669243386918.4375,1199091732178.588,5534203648660.619
1.5,157145149368026.2,729130847628182.5,820625281432.6683,8367521773798.317,915118456535.2512,11040681298331.98,820625281432.6683,11040681298331.98,915118456535.2512,8367521773798.317
2.,125537599102514.72,963042586379823.5,582413126151.6892,12629873211234.262,780772245290.408,18410446419120.875,582413126151.6892,18410446419120.875,780772245290.408,12629873211234.262
2.5,99098976637760.92,1252640190306982.5,410941060487.93835,18582364451316.938,733356819329.0854,30092562729501.5,410941060487.93835,30092562729501.5,733356819329.0854,18582364451316.938
