,E_sx_full,E_dx_full,E_sx_84GHz,E_dx_84GHz,E_sx_113GHz,E_dx_113GHz,E_sx_84GHz,E_dx_113GHz,E_sx_113GHz,E_dx_84GHz
-4.,4185157734073935.0,65020209794782.58,42744609542833.74,165961165338.81516,276001427873066.5,2210208481532.214,42744609542833.74,2210208481532.214,276001427873066.5,165961165338.81516
-2.,1166292842383583.0,140895940520234.56,9877385325700.822,500449092650.99585,38582897552990.5,1801124271643.9353,9877385325700.822,1801124271643.9353,38582897552990.5,500449092650.99585
0.,369314617972053.75,369291192441265.7,2003281675056.5752,2002992277521.3672,5480314993084.813,5479322066075.6,2003281675056.5752,5479322066075.6,5480314993084.813,2002992277521.3672
2.,140525198270850.1,1165027812094715.0,503543563936.0215,9902596175071.445,1824190022595.4473,39017155297457.82,503543563936.0215,39017155297457.82,1824190022595.4473,9902596175071.445
4.,64758473256362.67,4184504844822221.0,165381779636.7786,42732998912782.89,2210415467078.7954,275852939430582.75,165381779636.7786,275852939430582.75,2210415467078.7954,42732998912782.89
